Workbook

Sheet Leads
A1: # | B1: Sector | C1: Negocio | D1: Localidad | E1: Dirección | F1: Teléfono | G1: WhatsApp | H1: Enlace WhatsApp | I1: Mensaje sugerido | J1: Estado | K1: Notas
A2: 1 | B2: Fisioterapia | C2: Fontanet Medicina i Fisioterapia | D2: Tarragona | E2: C/ Gasòmetre, 24 | F2: 977 22 69 00 | G2: No (fijo: llamar) | I2: Hola! Soy Marcos, de Tarragona. He leído la web de Fontanet Medicina i Fisioterapia y he reescrito vuestro texto de presentación para que convenza más a quien la visita. ¿Os lo envío gratis para que lo veáis? | J2: Pendiente
A3: 2 | B3: Fisioterapia | C3: Fisioteràpia Núria Barcelona | D3: Tarragona | E3: Rambla Nova, 78, 1º1ª B | F3: 977 24 11 18 | G3: No (fijo: llamar) | I3: Hola! Soy Marcos, de Tarragona. He leído la web de Fisioteràpia Núria Barcelona y he reescrito vuestro texto de presentación para que convenza más a quien la visita. ¿Os lo envío gratis para que lo veáis? | J3: Pendiente
A4: 3 | B4: Fisioterapia | C4: FisioVitalTGN | D4: Tarragona | E4: Av. de Roma, 14, Entl. 3a | F4: 977 21 34 68 | G4: No (fijo: llamar) | I4: Hola! Soy Marcos, de Tarragona. He leído la web de FisioVitalTGN y he reescrito vuestro texto de presentación para que convenza más a quien la visita. ¿Os lo envío gratis para que lo veáis? | J4: Pendiente
A5: 4 | B5: Fisioterapia | C5: Tonus Fisioteràpia | D5: Tarragona | E5: C/ Mercè Rodoreda, 2 | F5: 977 29 07 26 | G5: No (fijo: llamar) | I5: Hola! Soy Marcos, de Tarragona. He leído la web de Tonus Fisioteràpia y he reescrito vuestro texto de presentación para que convenza más a quien la visita. ¿Os lo envío gratis para que lo veáis? | J5: Pendiente
A6: 5 | B6: Fisioterapia | C6: Carlos del Egido Fisioterapeuta | D6: Tarragona | E6: C/ Sant Llorenç, 12, 1º1ª | F6: 629 328 606 | G6: Sí (móvil) | H6: https://wa.me/34629328606 | I6: Hola! Soy Marcos, de Tarragona. He leído la web de Carlos del Egido Fisioterapeuta y he reescrito vuestro texto de presentación para que convenza más a quien la visita. ¿Os lo envío gratis para que lo veáis? | J6: Pendiente
A7: 6 | B7: Fisioterapia | C7: Balance Montiel | D7: Tarragona | E7: C/ Lleida, 20, 2º2ª B | F7: 671 962 498 | G7: Sí (móvil) | H7: https://wa.me/34671962498 | I7: Hola! Soy Marcos, de Tarragona. He leído la web de Balance Montiel y he reescrito vuestro texto de presentación para que convenza más a quien la visita. ¿Os lo envío gratis para que lo veáis? | J7: Pendiente
A8: 7 | B8: Fisioterapia | C8: Sinapfis Fisioteràpia | D8: Tarragona | E8: C/ Riu Tordera, local 3 | F8: 613 54 59 45 | G8: Sí (móvil) | H8: https://wa.me/34613545945 | I8: Hola! Soy Marcos, de Tarragona. He leído la web de Sinapfis Fisioteràpia y he reescrito vuestro texto de presentación para que convenza más a quien la visita. ¿Os lo envío gratis para que lo veáis? | J8: Pendiente
A9: 8 | B9: Fisioterapia | C9: Adrià Adam Dasca Fisioterapeuta | D9: Tarragona | E9: Av. Catalunya, 22D, entlo. 1ª | F9: 646 74 34 10 | G9: Sí (móvil) | H9: https://wa.me/34646743410 | I9: Hola! Soy Marcos, de Tarragona. He leído la web de Adrià Adam Dasca Fisioterapeuta y he reescrito vuestro texto de presentación para que convenza más a quien la visita. ¿Os lo envío gratis para que lo veáis? | J9: Pendiente
A10: 9 | B10: Fisioterapia | C10: Claudia Ardid Fisioterapia | D10: Tarragona | E10: C/ Cardenal Cervantes, 23, bajos B | F10: 618 44 82 33 | G10: Sí (móvil) | H10: https://wa.me/34618448233 | I10: Hola! Soy Marcos, de Tarragona. He leído la web de Claudia Ardid Fisioterapia y he reescrito vuestro texto de presentación para que convenza más a quien la visita. ¿Os lo envío gratis para que lo veáis? | J10: Pendiente
A11: 10 | B11: Fisioterapia | C11: Eric Vicens Centre de Fisioteràpia | D11: Tarragona | E11: C/ Higini Anglès, 4, local 18 | F11: 615 23 29 00 | G11: Sí (móvil) | H11: https://wa.me/34615232900 | I11: Hola! Soy Marcos, de Tarragona. He leído la web de Eric Vicens Centre de Fisioteràpia y he reescrito vuestro texto de presentación para que convenza más a quien la visita. ¿Os lo envío gratis para que lo veáis? | J11: Pendiente
A12: 11 | B12: Fisioterapia | C12: Fisioreus | D12: Reus | E12: C/ Felip Pedrell i Sabaté, 5 | F12: 977 07 42 81 | G12: No (fijo: llamar) | I12: Hola! Soy Marcos, de Tarragona. He leído la web de Fisioreus y he reescrito vuestro texto de presentación para que convenza más a quien la visita. ¿Os lo envío gratis para que lo veáis? | J12: Pendiente
A13: 12 | B13: Fisioterapia | C13: Fisiorecupera't | D13: Reus | E13: C/ Ample, 62 | F13: 635 054 064 | G13: Sí (móvil) | H13: https://wa.me/34635054064 | I13: Hola! Soy Marcos, de Tarragona. He leído la web de Fisiorecupera't y he reescrito vuestro texto de presentación para que convenza más a quien la visita. ¿Os lo envío gratis para que lo veáis? | J13: Pendiente
A14: 13 | B14: Fisioterapia | C14: Fisioterapia Vilafortuny | D14: Cambrils | E14: Vilafortuny | F14: 977 36 20 10 | G14: No (fijo: llamar) | I14: Hola! Soy Marcos, de Tarragona. He leído la web de Fisioterapia Vilafortuny y he reescrito vuestro texto de presentación para que convenza más a quien la visita. ¿Os lo envío gratis para que lo veáis? | J14: Pendiente
A15: 14 | B15: Fisioterapia | C15: Axis Centro de Fisioterapia | D15: Cambrils | E15: C/ Sant Josep, 15 | F15: 977 79 54 33 | G15: No (fijo: llamar) | I15: Hola! Soy Marcos, de Tarragona. He leído la web de Axis Centro de Fisioterapia y he reescrito vuestro texto de presentación para que convenza más a quien la visita. ¿Os lo envío gratis para que lo veáis? | J15: Pendiente
A16: 15 | B16: Fisioterapia | C16: Cenfis Funcional | D16: Cambrils | E16: C/ Santa Joaquina de Vedruna, 4 | F16: 977 79 22 55 | G16: No (fijo: llamar) | I16: Hola! Soy Marcos, de Tarragona. He leído la web de Cenfis Funcional y he reescrito vuestro texto de presentación para que convenza más a quien la visita. ¿Os lo envío gratis para que lo veáis? | J16: Pendiente
A17: 16 | B17: Fisioterapia | C17: Fisiosalou | D17: Salou | E17: C/ Montsant, 2 | F17: 977 35 09 87 | G17: No (fijo: llamar) | I17: Hola! Soy Marcos, de Tarragona. He leído la web de Fisiosalou y he reescrito vuestro texto de presentación para que convenza más a quien la visita. ¿Os lo envío gratis para que lo veáis? | J17: Pendiente
A18: 17 | B18: Abogados | C18: Baiges Advocats | D18: Tarragona | E18: C/ Lleida, 22 | F18: 659 103 572 | G18: Sí (móvil) | H18: https://wa.me/34659103572 | I18: Hola! Soy Marcos, de Tarragona. He leído la web de Baiges Advocats y he reescrito vuestro texto de presentación para que convenza más a quien la visita. ¿Os lo envío gratis para que lo veáis? | J18: Pendiente
A19: 18 | B19: Abogados | C19: Curto Abogados | D19: Tarragona | E19: C/ Mossèn Salvador Ritort i Faus, 27 | F19: 977 22 35 22 | G19: No (fijo: llamar) | I19: Hola! Soy Marcos, de Tarragona. He leído la web de Curto Abogados y he reescrito vuestro texto de presentación para que convenza más a quien la visita. ¿Os lo envío gratis para que lo veáis? | J19: Pendiente
A20: 19 | B20: Abogados | C20: Vives i Tous Advocats | D20: Tarragona | E20: C/ August, 12, 1º | F20: 977 23 02 24 | G20: No (fijo: llamar) | I20: Hola! Soy Marcos, de Tarragona. He leído la web de Vives i Tous Advocats y he reescrito vuestro texto de presentación para que convenza más a quien la visita. ¿Os lo envío gratis para que lo veáis? | J20: Pendiente
A21: 20 | B21: Gestoría | C21: Gestoría Riola | D21: Tarragona | E21: Rambla Nova, 110, 2º2ª | F21: 977 24 17 07 | G21: No (fijo: llamar) | I21: Hola! Soy Marcos, de Tarragona. He leído la web de Gestoría Riola y he reescrito vuestro texto de presentación para que convenza más a quien la visita. ¿Os lo envío gratis para que lo veáis? | J21: Pendiente
A22: 21 | B22: Gestoría | C22: Sugranyes Assessors | D22: Tarragona | E22: C/ Sant Francesc, 10 | F22: 977 23 38 06 | G22: No (fijo: llamar) | I22: Hola! Soy Marcos, de Tarragona. He leído la web de Sugranyes Assessors y he reescrito vuestro texto de presentación para que convenza más a quien la visita. ¿Os lo envío gratis para que lo veáis? | J22: Pendiente
A23: 22 | B23: Gestoría | C23: Mallol Assessors | D23: Tarragona | E23: C/ Pere Martell, 53 | F23: 977 23 57 52 | G23: No (fijo: llamar) | I23: Hola! Soy Marcos, de Tarragona. He leído la web de Mallol Assessors y he reescrito vuestro texto de presentación para que convenza más a quien la visita. ¿Os lo envío gratis para que lo veáis? | J23: Pendiente
A24: 23 | B24: Gestoría | C24: ENTarragona Asesores | D24: Tarragona | E24: C/ Pare Palau, 5, entl. 3 | F24: 644 646 221 | G24: Sí (móvil) | H24: https://wa.me/34644646221 | I24: Hola! Soy Marcos, de Tarragona. He leído la web de ENTarragona Asesores y he reescrito vuestro texto de presentación para que convenza más a quien la visita. ¿Os lo envío gratis para que lo veáis? | J24: Pendiente
A25: 24 | B25: Gestoría | C25: Jondal Assessors | D25: Tarragona | E25: Bloc Coll de Lilla, local 2ª | F25: 977 20 17 03 | G25: No (fijo: llamar) | I25: Hola! Soy Marcos, de Tarragona. He leído la web de Jondal Assessors y he reescrito vuestro texto de presentación para que convenza más a quien la visita. ¿Os lo envío gratis para que lo veáis? | J25: Pendiente
A26: 25 | B26: Gestoría | C26: Llurba Assessoria | D26: Tarragona | E26: Rambla Nova, 108, entl. 5 | F26: 977 24 24 78 | G26: No (fijo: llamar) | I26: Hola! Soy Marcos, de Tarragona. He leído la web de Llurba Assessoria y he reescrito vuestro texto de presentación para que convenza más a quien la visita. ¿Os lo envío gratis para que lo veáis? | J26: Pendiente
A27: 26 | B27: Gestoría | C27: Gestoría Boronat | D27: Tarragona | E27: Rambla Nova, 80 | F27: 977 23 82 06 | G27: No (fijo: llamar) | I27: Hola! Soy Marcos, de Tarragona. He leído la web de Gestoría Boronat y he reescrito vuestro texto de presentación para que convenza más a quien la visita. ¿Os lo envío gratis para que lo veáis? | J27: Pendiente
A28: 27 | B28: Gestoría | C28: Tarracogest (Asesoría Pérez) | D28: Tarragona | E28: C/ August, 5, 3º1ª | F28: 977 24 30 38 | G28: No (fijo: llamar) | I28: Hola! Soy Marcos, de Tarragona. He leído la web de Tarracogest (Asesoría Pérez) y he reescrito vuestro texto de presentación para que convenza más a quien la visita. ¿Os lo envío gratis para que lo veáis? | J28: Pendiente
A29: 28 | B29: Dentista | C29: Clínica Dental Dra. Lorena Montes | D29: Tarragona | E29: C/ Higini Anglès, 10 | F29: 977 21 99 82 | G29: No (fijo: llamar) | I29: Hola! Soy Marcos, de Tarragona. He leído la web de Clínica Dental Dra. Lorena Montes y he reescrito vuestro texto de presentación para que convenza más a quien la visita. ¿Os lo envío gratis para que lo veáis? | J29: Pendiente
A30: 29 | B30: Dentista | C30: Clínica Dental Dr. Sergi Ibern | D30: Tarragona | E30: Rambla Nova, 123 | F30: 977 21 88 47 | G30: No (fijo: llamar) | I30: Hola! Soy Marcos, de Tarragona. He leído la web de Clínica Dental Dr. Sergi Ibern y he reescrito vuestro texto de presentación para que convenza más a quien la visita. ¿Os lo envío gratis para que lo veáis? | J30: Pendiente
A31: 30 | B31: Dentista | C31: Clínica Dental Dr. Tello | D31: Tarragona | E31: C/ Comte de Rius, 16 | F31: 977 23 94 02 | G31: No (fijo: llamar) | I31: Hola! Soy Marcos, de Tarragona. He leído la web de Clínica Dental Dr. Tello y he reescrito vuestro texto de presentación para que convenza más a quien la visita. ¿Os lo envío gratis para que lo veáis? | J31: Pendiente
A32: 31 | B32: Dentista | C32: Orthoclinic Tarragona | D32: Tarragona | E32: Av. Catalunya, 22 | F32: 977 23 59 76 | G32: No (fijo: llamar) | I32: Hola! Soy Marcos, de Tarragona. He leído la web de Orthoclinic Tarragona y he reescrito vuestro texto de presentación para que convenza más a quien la visita. ¿Os lo envío gratis para que lo veáis? | J32: Pendiente
A33: 32 | B33: Dentista | C33: IB Clínica Dental | D33: Tarragona | E33: C/ Mossèn Salvador Ritort i Faus, 25B | F33: 977 23 71 28 | G33: No (fijo: llamar) | I33: Hola! Soy Marcos, de Tarragona. He leído la web de IB Clínica Dental y he reescrito vuestro texto de presentación para que convenza más a quien la visita. ¿Os lo envío gratis para que lo veáis? | J33: Pendiente
A34: 33 | B34: Dentista | C34: Clínica Curull | D34: Tarragona | E34: Rambla Nova, 114 | F34: 977 24 13 80 | G34: No (fijo: llamar) | I34: Hola! Soy Marcos, de Tarragona. He leído la web de Clínica Curull y he reescrito vuestro texto de presentación para que convenza más a quien la visita. ¿Os lo envío gratis para que lo veáis? | J34: Pendiente
A35: 34 | B35: Dentista | C35: Noguera Clínica Dental | D35: Tarragona | E35: C/ Pare Palau, 5, entl. | F35: 977 22 16 14 | G35: No (fijo: llamar) | I35: Hola! Soy Marcos, de Tarragona. He leído la web de Noguera Clínica Dental y he reescrito vuestro texto de presentación para que convenza más a quien la visita. ¿Os lo envío gratis para que lo veáis? | J35: Pendiente
A36: 35 | B36: Dentista | C36: Clínica Dental A. Boronat | D36: Tarragona | E36: Rambla Nova, 80 | F36: 977 23 77 18 | G36: No (fijo: llamar) | I36: Hola! Soy Marcos, de Tarragona. He leído la web de Clínica Dental A. Boronat y he reescrito vuestro texto de presentación para que convenza más a quien la visita. ¿Os lo envío gratis para que lo veáis? | J36: Pendiente
A37: 36 | B37: Dentista | C37: Lasdent | D37: Tarragona | E37: C/ Francesc Bastos, 18 | F37: 977 22 69 07 | G37: No (fijo: llamar) | I37: Hola! Soy Marcos, de Tarragona. He leído la web de Lasdent y he reescrito vuestro texto de presentación para que convenza más a quien la visita. ¿Os lo envío gratis para que lo veáis? | J37: Pendiente
A38: 37 | B38: Psicología | C38: Centro Psicológico Torguet | D38: Tarragona | E38: Rambla Nova, 96 | F38: 607 23 07 01 | G38: Sí (móvil) | H38: https://wa.me/34607230701 | I38: Hola! Soy Marcos, de Tarragona. He leído la web de Centro Psicológico Torguet y he reescrito vuestro texto de presentación para que convenza más a quien la visita. ¿Os lo envío gratis para que lo veáis? | J38: Pendiente
A39: 38 | B39: Psicología | C39: SN Psicología | D39: Tarragona | E39: Rambla Nova, 21 | F39: 654 07 56 38 | G39: Sí (móvil) | H39: https://wa.me/34654075638 | I39: Hola! Soy Marcos, de Tarragona. He leído la web de SN Psicología y he reescrito vuestro texto de presentación para que convenza más a quien la visita. ¿Os lo envío gratis para que lo veáis? | J39: Pendiente
A40: 39 | B40: Psicología | C40: Psicólogos Tarragona | D40: Tarragona | E40: Via de l'Imperi Romà | F40: 670 68 86 05 | G40: Sí (móvil) | H40: https://wa.me/34670688605 | I40: Hola! Soy Marcos, de Tarragona. He leído la web de Psicólogos Tarragona y he reescrito vuestro texto de presentación para que convenza más a quien la visita. ¿Os lo envío gratis para que lo veáis? | J40: Pendiente
A41: 40 | B41: Psicología | C41: Respira Psicología | D41: Tarragona | E41: C/ Pere Martell, 9 | F41: 640 17 23 70 | G41: Sí (móvil) | H41: https://wa.me/34640172370 | I41: Hola! Soy Marcos, de Tarragona. He leído la web de Respira Psicología y he reescrito vuestro texto de presentación para que convenza más a quien la visita. ¿Os lo envío gratis para que lo veáis? | J41: Pendiente
A42: 41 | B42: Psicología | C42: Nuria Armengol Psicóloga | D42: Tarragona | E42: — | F42: 624 61 98 01 | G42: Sí (móvil) | H42: https://wa.me/34624619801 | I42: Hola! Soy Marcos, de Tarragona. He leído la web de Nuria Armengol Psicóloga y he reescrito vuestro texto de presentación para que convenza más a quien la visita. ¿Os lo envío gratis para que lo veáis? | J42: Pendiente
A43: 42 | B43: Psicología | C43: Victoria García Masip (LAIA) | D43: Tarragona | E43: — | F43: 652 41 24 90 | G43: Sí (móvil) | H43: https://wa.me/34652412490 | I43: Hola! Soy Marcos, de Tarragona. He leído la web de Victoria García Masip (LAIA) y he reescrito vuestro texto de presentación para que convenza más a quien la visita. ¿Os lo envío gratis para que lo veáis? | J43: Pendiente
A44: 43 | B44: Psicología | C44: Equilibrium Psicología | D44: Tarragona | E44: Av. Catalunya, 22 | F44: 659 79 13 45 | G44: Sí (móvil) | H44: https://wa.me/34659791345 | I44: Hola! Soy Marcos, de Tarragona. He leído la web de Equilibrium Psicología y he reescrito vuestro texto de presentación para que convenza más a quien la visita. ¿Os lo envío gratis para que lo veáis? | J44: Pendiente
A45: 44 | B45: Psicología | C45: PsicodinamicS | D45: Tarragona | E45: C/ Ramón y Cajal, 38 | F45: 685 50 60 68 | G45: Sí (móvil) | H45: https://wa.me/34685506068 | I45: Hola! Soy Marcos, de Tarragona. He leído la web de PsicodinamicS y he reescrito vuestro texto de presentación para que convenza más a quien la visita. ¿Os lo envío gratis para que lo veáis? | J45: Pendiente
A46: 45 | B46: Psicología | C46: Centro Psicológico Rinicia | D46: Tarragona | E46: — | F46: 628 82 14 56 | G46: Sí (móvil) | H46: https://wa.me/34628821456 | I46: Hola! Soy Marcos, de Tarragona. He leído la web de Centro Psicológico Rinicia y he reescrito vuestro texto de presentación para que convenza más a quien la visita. ¿Os lo envío gratis para que lo veáis? | J46: Pendiente
A47: 46 | B47: Psicología | C47: Alicia González Psicología | D47: Tarragona | E47: — | F47: 613 00 04 59 | G47: Sí (móvil) | H47: https://wa.me/34613000459 | I47: Hola! Soy Marcos, de Tarragona. He leído la web de Alicia González Psicología y he reescrito vuestro texto de presentación para que convenza más a quien la visita. ¿Os lo envío gratis para que lo veáis? | J47: Pendiente
A48: 47 | B48: Inmobiliaria | C48: Tecnocasa Centre | D48: Tarragona | E48: C/ Cristòfor Colom, 24, loc. 2 | F48: 977 94 91 66 | G48: No (fijo: llamar) | I48: Hola! Soy Marcos, de Tarragona. He leído la web de Tecnocasa Centre y he reescrito vuestro texto de presentación para que convenza más a quien la visita. ¿Os lo envío gratis para que lo veáis? | J48: Pendiente
A49: 48 | B49: Inmobiliaria | C49: Immobiliària Hàbitat | D49: Tarragona | E49: Av. Ramón y Cajal, 29 | F49: 615 56 16 06 | G49: Sí (móvil) | H49: https://wa.me/34615561606 | I49: Hola! Soy Marcos, de Tarragona. He leído la web de Immobiliària Hàbitat y he reescrito vuestro texto de presentación para que convenza más a quien la visita. ¿Os lo envío gratis para que lo veáis? | J49: Pendiente
A50: 49 | B50: Inmobiliaria | C50: El Piset Inmobiliaria | D50: Tarragona | E50: Av. Ramón y Cajal, 6 | F50: 618 05 62 26 | G50: Sí (móvil) | H50: https://wa.me/34618056226 | I50: Hola! Soy Marcos, de Tarragona. He leído la web de El Piset Inmobiliaria y he reescrito vuestro texto de presentación para que convenza más a quien la visita. ¿Os lo envío gratis para que lo veáis? | J50: Pendiente
A51: 50 | B51: Inmobiliaria | C51: Century 21 Inmovip | D51: Tarragona | E51: Rambla Nova, 20 | F51: 977 42 50 00 | G51: No (fijo: llamar) | I51: Hola! Soy Marcos, de Tarragona. He leído la web de Century 21 Inmovip y he reescrito vuestro texto de presentación para que convenza más a quien la visita. ¿Os lo envío gratis para que lo veáis? | J51: Pendiente
A52: 51 | B52: Inmobiliaria | C52: Marc Cornago Experts Immobiliaris | D52: Tarragona | E52: Rambla Vella, 43 | F52: 603 95 41 86 | G52: Sí (móvil) | H52: https://wa.me/34603954186 | I52: Hola! Soy Marcos, de Tarragona. He leído la web de Marc Cornago Experts Immobiliaris y he reescrito vuestro texto de presentación para que convenza más a quien la visita. ¿Os lo envío gratis para que lo veáis? | J52: Pendiente
A53: 52 | B53: Inmobiliaria | C53: Innovare Inversiones Inmobiliarias | D53: Tarragona | E53: C/ Eivissa, 24 | F53: 602 33 78 59 | G53: Sí (móvil) | H53: https://wa.me/34602337859 | I53: Hola! Soy Marcos, de Tarragona. He leído la web de Innovare Inversiones Inmobiliarias y he reescrito vuestro texto de presentación para que convenza más a quien la visita. ¿Os lo envío gratis para que lo veáis? | J53: Pendiente
A54: 53 | B54: Academia | C54: L'Acadèmia Reforç Escolar | D54: Tarragona | E54: C/ Llorenç Villalonga, 5 | F54: 662 931 935 | G54: Sí (móvil) | H54: https://wa.me/34662931935 | I54: Hola! Soy Marcos, de Tarragona. He leído la web de L'Acadèmia Reforç Escolar y he reescrito vuestro texto de presentación para que convenza más a quien la visita. ¿Os lo envío gratis para que lo veáis? | J54: Pendiente
A55: 54 | B55: Academia | C55: Acadèmia A+ | D55: Tarragona | E55: Av. Ramón y Cajal, 17 | F55: 625 91 20 75 | G55: Sí (móvil) | H55: https://wa.me/34625912075 | I55: Hola! Soy Marcos, de Tarragona. He leído la web de Acadèmia A+ y he reescrito vuestro texto de presentación para que convenza más a quien la visita. ¿Os lo envío gratis para que lo veáis? | J55: Pendiente
A56: 55 | B56: Academia | C56: Aula Magna | D56: Tarragona | E56: Av. Argentina, 11 | F56: 977 22 22 77 | G56: No (fijo: llamar) | I56: Hola! Soy Marcos, de Tarragona. He leído la web de Aula Magna y he reescrito vuestro texto de presentación para que convenza más a quien la visita. ¿Os lo envío gratis para que lo veáis? | J56: Pendiente
A57: 56 | B57: Autoescuela | C57: Autoescuela Rally | D57: Reus | E57: C/ Antiquaris, 2 | F57: 977 77 35 66 | G57: No (fijo: llamar) | I57: Hola! Soy Marcos, de Tarragona. He leído la web de Autoescuela Rally y he reescrito vuestro texto de presentación para que convenza más a quien la visita. ¿Os lo envío gratis para que lo veáis? | J57: Pendiente
A58: 57 | B58: Autoescuela | C58: Autoescola Prim | D58: Reus | E58: Av. Prat de la Riba, 12 | F58: 977 31 89 07 | G58: No (fijo: llamar) | I58: Hola! Soy Marcos, de Tarragona. He leído la web de Autoescola Prim y he reescrito vuestro texto de presentación para que convenza más a quien la visita. ¿Os lo envío gratis para que lo veáis? | J58: Pendiente
A59: 58 | B59: Autoescuela | C59: Autoescola Cantons | D59: Reus | E59: C/ Cambrils, 6 | F59: 977 75 08 40 | G59: No (fijo: llamar) | I59: Hola! Soy Marcos, de Tarragona. He leído la web de Autoescola Cantons y he reescrito vuestro texto de presentación para que convenza más a quien la visita. ¿Os lo envío gratis para que lo veáis? | J59: Pendiente
A60: 59 | B60: Autoescuela | C60: Autoescola NOVO Reus | D60: Reus | E60: C/ Alcalde Joan Bertran, 34-38 | F60: 977 33 32 15 | G60: No (fijo: llamar) | I60: Hola! Soy Marcos, de Tarragona. He leído la web de Autoescola NOVO Reus y he reescrito vuestro texto de presentación para que convenza más a quien la visita. ¿Os lo envío gratis para que lo veáis? | J60: Pendiente
A61: 60 | B61: Autoescuela | C61: Autoescola Baix Camp | D61: Reus | E61: Pl. Cultura de la Pau, 1 | F61: 977 31 46 99 | G61: No (fijo: llamar) | I61: Hola! Soy Marcos, de Tarragona. He leído la web de Autoescola Baix Camp y he reescrito vuestro texto de presentación para que convenza más a quien la visita. ¿Os lo envío gratis para que lo veáis? | J61: Pendiente
A62: 61 | B62: Autoescuela | C62: Autoescola Vallès | D62: Reus | E62: C/ Antoni Gaudí, 28 | F62: 977 32 74 62 | G62: No (fijo: llamar) | I62: Hola! Soy Marcos, de Tarragona. He leído la web de Autoescola Vallès y he reescrito vuestro texto de presentación para que convenza más a quien la visita. ¿Os lo envío gratis para que lo veáis? | J62: Pendiente
A63: 62 | B63: Autoescuela | C63: Autoescola Reus | D63: Reus | E63: Riera de Miró, 40-44 | F63: 609 66 95 84 | G63: Sí (móvil) | H63: https://wa.me/34609669584 | I63: Hola! Soy Marcos, de Tarragona. He leído la web de Autoescola Reus y he reescrito vuestro texto de presentación para que convenza más a quien la visita. ¿Os lo envío gratis para que lo veáis? | J63: Pendiente
A64: 63 | B64: Estética/Peluquería | C64: Encarni Estética y Peluquería | D64: Tarragona | E64: C/ Francesc Bastos, 10 | F64: 977 24 35 06 | G64: No (fijo: llamar) | I64: Hola! Soy Marcos, de Tarragona. He leído la web de Encarni Estética y Peluquería y he reescrito vuestro texto de presentación para que convenza más a quien la visita. ¿Os lo envío gratis para que lo veáis? | J64: Pendiente
A65: 64 | B65: Estética/Peluquería | C65: Peluquería Pina | D65: Tarragona | E65: C/ Canyelles, 3 | F65: 977 23 78 25 | G65: No (fijo: llamar) | I65: Hola! Soy Marcos, de Tarragona. He leído la web de Peluquería Pina y he reescrito vuestro texto de presentación para que convenza más a quien la visita. ¿Os lo envío gratis para que lo veáis? | J65: Pendiente
A66: 65 | B66: Estética/Peluquería | C66: Estètica Perruqueria Pau | D66: Tarragona | E66: C/ Pau del Protectorat, 26 | F66: 653 49 86 55 | G66: Sí (móvil) | H66: https://wa.me/34653498655 | I66: Hola! Soy Marcos, de Tarragona. He leído la web de Estètica Perruqueria Pau y he reescrito vuestro texto de presentación para que convenza más a quien la visita. ¿Os lo envío gratis para que lo veáis? | J66: Pendiente
A67: 66 | B67: Estética/Peluquería | C67: Estética y Peluquería Lori Ari | D67: Tarragona | E67: C/ Mossèn Ritort i Faus, 5 | F67: 663 90 76 18 | G67: Sí (móvil) | H67: https://wa.me/34663907618 | I67: Hola! Soy Marcos, de Tarragona. He leído la web de Estética y Peluquería Lori Ari y he reescrito vuestro texto de presentación para que convenza más a quien la visita. ¿Os lo envío gratis para que lo veáis? | J67: Pendiente
A68: 67 | B68: Estética/Peluquería | C68: Vibe Centro de Estética | D68: Tarragona | E68: C/ Amposta, 39 | F68: 977 54 15 13 | G68: No (fijo: llamar) | I68: Hola! Soy Marcos, de Tarragona. He leído la web de Vibe Centro de Estética y he reescrito vuestro texto de presentación para que convenza más a quien la visita. ¿Os lo envío gratis para que lo veáis? | J68: Pendiente
A69: 68 | B69: Estética/Peluquería | C69: Alcántara Estilistes | D69: Tarragona | E69: C/ Adrià, 7 | F69: 679 338 643 | G69: Sí (móvil) | H69: https://wa.me/34679338643 | I69: Hola! Soy Marcos, de Tarragona. He leído la web de Alcántara Estilistes y he reescrito vuestro texto de presentación para que convenza más a quien la visita. ¿Os lo envío gratis para que lo veáis? | J69: Pendiente
A70: 69 | B70: Estética/Peluquería | C70: Centro de Estética Tonic | D70: Tarragona | E70: — | F70: 977 21 19 50 | G70: No (fijo: llamar) | I70: Hola! Soy Marcos, de Tarragona. He leído la web de Centro de Estética Tonic y he reescrito vuestro texto de presentación para que convenza más a quien la visita. ¿Os lo envío gratis para que lo veáis? | J70: Pendiente
A71: 70 | B71: Entrenador/Gym | C71: Hawks Training | D71: Tarragona | E71: Av. Països Catalans, 28 | F71: 692 50 53 09 | G71: Sí (móvil) | H71: https://wa.me/34692505309 | I71: Hola! Soy Marcos, de Tarragona. He leído la web de Hawks Training y he reescrito vuestro texto de presentación para que convenza más a quien la visita. ¿Os lo envío gratis para que lo veáis? | J71: Pendiente
A72: 71 | B72: Entrenador/Gym | C72: Centro CEN Entrenador Personal | D72: Tarragona | E72: C/ Violant d'Hongria, 23 | F72: 628 28 27 68 | G72: Sí (móvil) | H72: https://wa.me/34628282768 | I72: Hola! Soy Marcos, de Tarragona. He leído la web de Centro CEN Entrenador Personal y he reescrito vuestro texto de presentación para que convenza más a quien la visita. ¿Os lo envío gratis para que lo veáis? | J72: Pendiente
A73: 72 | B73: Entrenador/Gym | C73: The Iron Path | D73: Tarragona | E73: C/ del Vidre, 11 | F73: 672 98 86 89 | G73: Sí (móvil) | H73: https://wa.me/34672988689 | I73: Hola! Soy Marcos, de Tarragona. He leído la web de The Iron Path y he reescrito vuestro texto de presentación para que convenza más a quien la visita. ¿Os lo envío gratis para que lo veáis? | J73: Pendiente
A74: 73 | B74: Entrenador/Gym | C74: TRIFIT Functional Center | D74: Tarragona | E74: C/ Ernest Vilches, 6 | F74: 640 67 57 61 | G74: Sí (móvil) | H74: https://wa.me/34640675761 | I74: Hola! Soy Marcos, de Tarragona. He leído la web de TRIFIT Functional Center y he reescrito vuestro texto de presentación para que convenza más a quien la visita. ¿Os lo envío gratis para que lo veáis? | J74: Pendiente
A75: 74 | B75: Entrenador/Gym | C75: Johana Silva Entrenamiento | D75: Tarragona | E75: C/ Cardenal Vidal i Barraquer, 34 | F75: 639 84 67 22 | G75: Sí (móvil) | H75: https://wa.me/34639846722 | I75: Hola! Soy Marcos, de Tarragona. He leído la web de Johana Silva Entrenamiento y he reescrito vuestro texto de presentación para que convenza más a quien la visita. ¿Os lo envío gratis para que lo veáis? | J75: Pendiente
A76: 75 | B76: Entrenador/Gym | C76: BioFit Funcional | D76: Tarragona | E76: Av. Prat de la Riba, 24, loc. 5 | F76: 640 85 52 17 | G76: Sí (móvil) | H76: https://wa.me/34640855217 | I76: Hola! Soy Marcos, de Tarragona. He leído la web de BioFit Funcional y he reescrito vuestro texto de presentación para que convenza más a quien la visita. ¿Os lo envío gratis para que lo veáis? | J76: Pendiente
A77: 76 | B77: Entrenador/Gym | C77: Bollodromo | D77: Tarragona | E77: C/ Granit, 16, Pol. Riu Clar | F77: 655 69 86 31 | G77: Sí (móvil) | H77: https://wa.me/34655698631 | I77: Hola! Soy Marcos, de Tarragona. He leído la web de Bollodromo y he reescrito vuestro texto de presentación para que convenza más a quien la visita. ¿Os lo envío gratis para que lo veáis? | J77: Pendiente
A78: 77 | B78: Entrenador/Gym | C78: Damián Gómez Entrenador | D78: Tarragona | E78: — | F78: 620 38 38 08 | G78: Sí (móvil) | H78: https://wa.me/34620383808 | I78: Hola! Soy Marcos, de Tarragona. He leído la web de Damián Gómez Entrenador y he reescrito vuestro texto de presentación para que convenza más a quien la visita. ¿Os lo envío gratis para que lo veáis? | J78: Pendiente
A79: 78 | B79: Entrenador/Gym | C79: Gerard Torres Entrenador | D79: Tarragona | E79: C/ Joan Baptista Plana, 15 | F79: 618 77 05 27 | G79: Sí (móvil) | H79: https://wa.me/34618770527 | I79: Hola! Soy Marcos, de Tarragona. He leído la web de Gerard Torres Entrenador y he reescrito vuestro texto de presentación para que convenza más a quien la visita. ¿Os lo envío gratis para que lo veáis? | J79: Pendiente
A80: 79 | B80: Entrenador/Gym | C80: M.C. Personal Trainer | D80: Salou | E80: — | F80: 664 77 67 65 | G80: Sí (móvil) | H80: https://wa.me/34664776765 | I80: Hola! Soy Marcos, de Tarragona. He leído la web de M.C. Personal Trainer y he reescrito vuestro texto de presentación para que convenza más a quien la visita. ¿Os lo envío gratis para que lo veáis? | J80: Pendiente
A81: 80 | B81: Entrenador/Gym | C81: Mueve T Altafulla | D81: Altafulla | E81: — | F81: 663 29 47 74 | G81: Sí (móvil) | H81: https://wa.me/34663294774 | I81: Hola! Soy Marcos, de Tarragona. He leído la web de Mueve T Altafulla y he reescrito vuestro texto de presentación para que convenza más a quien la visita. ¿Os lo envío gratis para que lo veáis? | J81: Pendiente
A82: 81 | B82: Entrenador/Gym | C82: Iván Tamarit Personal Trainer | D82: Tarragona | E82: — | F82: 678 34 01 32 | G82: Sí (móvil) | H82: https://wa.me/34678340132 | I82: Hola! Soy Marcos, de Tarragona. He leído la web de Iván Tamarit Personal Trainer y he reescrito vuestro texto de presentación para que convenza más a quien la visita. ¿Os lo envío gratis para que lo veáis? | J82: Pendiente
A83: 82 | B83: Taller | C83: Velasco Motors | D83: Tarragona | E83: Pol. Riu Clar, C/ Estany, nave 7 | F83: 977 54 93 23 | G83: No (fijo: llamar) | I83: Hola! Soy Marcos, de Tarragona. He leído la web de Velasco Motors y he reescrito vuestro texto de presentación para que convenza más a quien la visita. ¿Os lo envío gratis para que lo veáis? | J83: Pendiente
A84: 83 | B84: Taller | C84: EuroTaller Jobacar | D84: Tarragona | E84: Ctra. Vella de València, km 248 | F84: 977 55 35 55 | G84: No (fijo: llamar) | I84: Hola! Soy Marcos, de Tarragona. He leído la web de EuroTaller Jobacar y he reescrito vuestro texto de presentación para que convenza más a quien la visita. ¿Os lo envío gratis para que lo veáis? | J84: Pendiente
A85: 84 | B85: Taller | C85: Tallers Ve-bor | D85: Tarragona | E85: C/ Baró de les Quatre Torres, 8 | F85: 977 21 83 83 | G85: No (fijo: llamar) | I85: Hola! Soy Marcos, de Tarragona. He leído la web de Tallers Ve-bor y he reescrito vuestro texto de presentación para que convenza más a quien la visita. ¿Os lo envío gratis para que lo veáis? | J85: Pendiente
A86: 85 | B86: Taller | C86: Tallers Vallverdú | D86: Tarragona | E86: C/ Reina Maria Cristina, 21bis | F86: 977 23 44 30 | G86: No (fijo: llamar) | I86: Hola! Soy Marcos, de Tarragona. He leído la web de Tallers Vallverdú y he reescrito vuestro texto de presentación para que convenza más a quien la visita. ¿Os lo envío gratis para que lo veáis? | J86: Pendiente
A87: 86 | B87: Taller | C87: Tallers Amezcua | D87: Tarragona | E87: C/ Orosi, 8 | F87: 977 23 04 04 | G87: No (fijo: llamar) | I87: Hola! Soy Marcos, de Tarragona. He leído la web de Tallers Amezcua y he reescrito vuestro texto de presentación para que convenza más a quien la visita. ¿Os lo envío gratis para que lo veáis? | J87: Pendiente
A88: 87 | B88: Taller | C88: Tallers Grau | D88: Tarragona | E88: Via Augusta, 6 | F88: 977 23 27 23 | G88: No (fijo: llamar) | I88: Hola! Soy Marcos, de Tarragona. He leído la web de Tallers Grau y he reescrito vuestro texto de presentación para que convenza más a quien la visita. ¿Os lo envío gratis para que lo veáis? | J88: Pendiente
A89: 88 | B89: Taller | C89: Bosch Car Service Tallers GT | D89: Tarragona | E89: Pol. Ind. Francolí, 16 | F89: 977 54 91 07 | G89: No (fijo: llamar) | I89: Hola! Soy Marcos, de Tarragona. He leído la web de Bosch Car Service Tallers GT y he reescrito vuestro texto de presentación para que convenza más a quien la visita. ¿Os lo envío gratis para que lo veáis? | J89: Pendiente
A90: 89 | B90: Taller | C90: Mecànica i Planxa Alcover | D90: Alcover | E90: — | F90: 626 785 184 | G90: Sí (móvil) | H90: https://wa.me/34626785184 | I90: Hola! Soy Marcos, de Tarragona. He leído la web de Mecànica i Planxa Alcover y he reescrito vuestro texto de presentación para que convenza más a quien la visita. ¿Os lo envío gratis para que lo veáis? | J90: Pendiente

Sheet Resumen
A1: Sector | B1: Nº leads | C1: Con WhatsApp
A2: Abogados | B2: =COUNTIF(Leads!B:B,"Abogados") | C2: =COUNTIFS(Leads!B:B,"Abogados",Leads!G:G,"Sí*")
A3: Academia | B3: =COUNTIF(Leads!B:B,"Academia") | C3: =COUNTIFS(Leads!B:B,"Academia",Leads!G:G,"Sí*")
A4: Autoescuela | B4: =COUNTIF(Leads!B:B,"Autoescuela") | C4: =COUNTIFS(Leads!B:B,"Autoescuela",Leads!G:G,"Sí*")
A5: Dentista | B5: =COUNTIF(Leads!B:B,"Dentista") | C5: =COUNTIFS(Leads!B:B,"Dentista",Leads!G:G,"Sí*")
A6: Entrenador/Gym | B6: =COUNTIF(Leads!B:B,"Entrenador/Gym") | C6: =COUNTIFS(Leads!B:B,"Entrenador/Gym",Leads!G:G,"Sí*")
A7: Estética/Peluquería | B7: =COUNTIF(Leads!B:B,"Estética/Peluquería") | C7: =COUNTIFS(Leads!B:B,"Estética/Peluquería",Leads!G:G,"Sí*")
A8: Fisioterapia | B8: =COUNTIF(Leads!B:B,"Fisioterapia") | C8: =COUNTIFS(Leads!B:B,"Fisioterapia",Leads!G:G,"Sí*")
A9: Gestoría | B9: =COUNTIF(Leads!B:B,"Gestoría") | C9: =COUNTIFS(Leads!B:B,"Gestoría",Leads!G:G,"Sí*")
A10: Inmobiliaria | B10: =COUNTIF(Leads!B:B,"Inmobiliaria") | C10: =COUNTIFS(Leads!B:B,"Inmobiliaria",Leads!G:G,"Sí*")
A11: Psicología | B11: =COUNTIF(Leads!B:B,"Psicología") | C11: =COUNTIFS(Leads!B:B,"Psicología",Leads!G:G,"Sí*")
A12: Taller | B12: =COUNTIF(Leads!B:B,"Taller") | C12: =COUNTIFS(Leads!B:B,"Taller",Leads!G:G,"Sí*")
A13: TOTAL | B13: =SUM(B2:B12) | C13: =SUM(C2:C12)
