Workbook

Sheet Cómo usar
A1: CRM de prospección · @marcos.digitalbarrio · Tarragona
A3: 1. Ve a la pestaña 'Búsquedas Maps' y pulsa un enlace (nicho + zona). Se abre Google Maps con los negocios.
A4: 2. Abre la ficha de cada negocio y busca fallos: reseñas sin responder, pocas fotos, horario raro, Instagram parado.
A5: 3. Apúntalo en 'Prospectos'. Rellena SOLO las celdas amarillas. Puntuación y Prioridad se calculan solas.
A6: 4. Visita o escribe primero a los de prioridad ALTA (más fallos = más fácil venderles).
A7: 5. Actualiza la columna Estado tras cada contacto. La pestaña 'Embudo' te da tus números automáticamente.
A9: Cómo se calcula la puntuación (0–10)
A10: Reseñas sin responder = 3 · Menos de 10 fotos = 2 · Horario sin revisar/erróneo = 2 · Instagram inactivo o sin cuenta = 2 · 50+ reseñas (negocio con clientela que puede pagar) = 1
A11: ALTA ≥ 6 · MEDIA 3–5 · BAJA < 3
A13: Objetivo semanal: 20 negocios apuntados · 10 contactados · 1–2 clientes.
A14: La fila 'EJEMPLO' es inventada: sirve para ver el formato. Bórrala cuando apuntes tu primer negocio real.

Sheet Nichos
A1: Nichos de Tarragona por prioridad (estimación propia, ajústala con tu experiencia)
A3: Prioridad | B3: Nicho | C3: Por qué encaja | D3: Dependencia de Google/Instagram | E3: Facilidad para venderles | F3: Cuota mensual realista (€)
A4: 1 | B4: Bares, cafeterías y restaurantes | C4: Muchísimos en la ciudad, viven de turistas y de reseñas | D4: Muy alta | E4: Alta | F4: 60–90
A5: 2 | B5: Peluquerías y barberías | C5: Clientela fija; Instagram es su escaparate de cortes | D5: Muy alta | E5: Alta | F5: 60–90
A6: 3 | B6: Centros de estética y uñas | C6: Venden por fotos; suelen tener el Instagram poco cuidado | D6: Muy alta | E6: Media-alta | F6: 60–90
A7: 4 | B7: Talleres mecánicos | C7: Se eligen por reseñas; casi ninguno las responde | D7: Alta | E7: Alta | F7: 40–60
A8: 5 | B8: Gimnasios y centros de entreno pequeños | C8: Compiten con las cadenas; necesitan diferenciarse | D8: Alta | E8: Media | F8: 60–90
A9: 6 | B9: Tiendas de barrio (ropa, regalos) | C9: Dependen de que los encuentren | D9: Media | E9: Media | F9: 40–60
A10: 7 | B10: Fisioterapia y clínicas pequeñas | C10: Las reseñas generan confianza; buen ticket | D10: Alta | E10: Media | F10: 60–90
A11: 8 | B11: Panaderías y pastelerías | C11: Producto muy fotogénico, perfecto para Instagram | D11: Media | E11: Alta | F11: 40–60

Sheet Búsquedas Maps
A1: Pulsa un enlace: abre Google Maps con ese tipo de negocio en esa zona
A3: Nicho | B3: Centre Rambla Nova | C3: Part Alta | D3: El Serrallo | E3: Sant Pere i Sant Pau | F3: Torreforta | G3: Bonavista | H3: Sant Salvador
A4: bar | B4: Abrir Maps | C4: Abrir Maps | D4: Abrir Maps | E4: Abrir Maps | F4: Abrir Maps | G4: Abrir Maps | H4: Abrir Maps
A5: cafetería | B5: Abrir Maps | C5: Abrir Maps | D5: Abrir Maps | E5: Abrir Maps | F5: Abrir Maps | G5: Abrir Maps | H5: Abrir Maps
A6: restaurante | B6: Abrir Maps | C6: Abrir Maps | D6: Abrir Maps | E6: Abrir Maps | F6: Abrir Maps | G6: Abrir Maps | H6: Abrir Maps
A7: peluquería | B7: Abrir Maps | C7: Abrir Maps | D7: Abrir Maps | E7: Abrir Maps | F7: Abrir Maps | G7: Abrir Maps | H7: Abrir Maps
A8: barbería | B8: Abrir Maps | C8: Abrir Maps | D8: Abrir Maps | E8: Abrir Maps | F8: Abrir Maps | G8: Abrir Maps | H8: Abrir Maps
A9: centro de estética | B9: Abrir Maps | C9: Abrir Maps | D9: Abrir Maps | E9: Abrir Maps | F9: Abrir Maps | G9: Abrir Maps | H9: Abrir Maps
A10: taller mecánico | B10: Abrir Maps | C10: Abrir Maps | D10: Abrir Maps | E10: Abrir Maps | F10: Abrir Maps | G10: Abrir Maps | H10: Abrir Maps
A11: gimnasio | B11: Abrir Maps | C11: Abrir Maps | D11: Abrir Maps | E11: Abrir Maps | F11: Abrir Maps | G11: Abrir Maps | H11: Abrir Maps
A12: fisioterapia | B12: Abrir Maps | C12: Abrir Maps | D12: Abrir Maps | E12: Abrir Maps | F12: Abrir Maps | G12: Abrir Maps | H12: Abrir Maps
A13: panadería | B13: Abrir Maps | C13: Abrir Maps | D13: Abrir Maps | E13: Abrir Maps | F13: Abrir Maps | G13: Abrir Maps | H13: Abrir Maps

Sheet Prospectos
A1: Negocio | B1: Tipo | C1: Zona | D1: Dirección | E1: Teléfono | F1: Instagram | G1: Link ficha Maps | H1: Nº reseñas | I1: Nota Google | J1: Reseñas sin responder | K1: Menos de 10 fotos | L1: Horario mal/sin revisar | M1: Instagram inactivo | N1: Puntuación | O1: Prioridad | P1: Estado | Q1: Fecha contacto | R1: Próximo paso | S1: Importe cobrado (€) | T1: Notas
A2: EJEMPLO – Bar La Plaça (inventado) | B2: Bar | C2: Part Alta | D2: Pl. Exemple 1 | E2: 600000000 | F2: @exemple | G2: (pega el enlace) | H2: 87 | I2: 4.2 | J2: Sí | K2: Sí | L2: No | M2: Sí | N2: =IF(A2="","",(J2="Sí")*3+(K2="Sí")*2+(L2="Sí")*2+(M2="Sí")*2+(N(H2)>=50)*1) -> 8 | O2: =IF(N2="","",IF(N2>=6,"ALTA",IF(N2>=3,"MEDIA","BAJA"))) -> ALTA | P2: Contactado | Q2: 46329 | R2: Volver el jueves 11:00 | S2: 0 | T2: Al dueño le interesa, quiere ver ejemplos
N3: =IF(A3="","",(J3="Sí")*3+(K3="Sí")*2+(L3="Sí")*2+(M3="Sí")*2+(N(H3)>=50)*1) | O3: =IF(N3="","",IF(N3>=6,"ALTA",IF(N3>=3,"MEDIA","BAJA")))
N4: =IF(A4="","",(J4="Sí")*3+(K4="Sí")*2+(L4="Sí")*2+(M4="Sí")*2+(N(H4)>=50)*1) | O4: =IF(N4="","",IF(N4>=6,"ALTA",IF(N4>=3,"MEDIA","BAJA")))
N5: =IF(A5="","",(J5="Sí")*3+(K5="Sí")*2+(L5="Sí")*2+(M5="Sí")*2+(N(H5)>=50)*1) | O5: =IF(N5="","",IF(N5>=6,"ALTA",IF(N5>=3,"MEDIA","BAJA")))
N6: =IF(A6="","",(J6="Sí")*3+(K6="Sí")*2+(L6="Sí")*2+(M6="Sí")*2+(N(H6)>=50)*1) | O6: =IF(N6="","",IF(N6>=6,"ALTA",IF(N6>=3,"MEDIA","BAJA")))
N7: =IF(A7="","",(J7="Sí")*3+(K7="Sí")*2+(L7="Sí")*2+(M7="Sí")*2+(N(H7)>=50)*1) | O7: =IF(N7="","",IF(N7>=6,"ALTA",IF(N7>=3,"MEDIA","BAJA")))
N8: =IF(A8="","",(J8="Sí")*3+(K8="Sí")*2+(L8="Sí")*2+(M8="Sí")*2+(N(H8)>=50)*1) | O8: =IF(N8="","",IF(N8>=6,"ALTA",IF(N8>=3,"MEDIA","BAJA")))
N9: =IF(A9="","",(J9="Sí")*3+(K9="Sí")*2+(L9="Sí")*2+(M9="Sí")*2+(N(H9)>=50)*1) | O9: =IF(N9="","",IF(N9>=6,"ALTA",IF(N9>=3,"MEDIA","BAJA")))
N10: =IF(A10="","",(J10="Sí")*3+(K10="Sí")*2+(L10="Sí")*2+(M10="Sí")*2+(N(H10)>=50)*1) | O10: =IF(N10="","",IF(N10>=6,"ALTA",IF(N10>=3,"MEDIA","BAJA")))
N11: =IF(A11="","",(J11="Sí")*3+(K11="Sí")*2+(L11="Sí")*2+(M11="Sí")*2+(N(H11)>=50)*1) | O11: =IF(N11="","",IF(N11>=6,"ALTA",IF(N11>=3,"MEDIA","BAJA")))
N12: =IF(A12="","",(J12="Sí")*3+(K12="Sí")*2+(L12="Sí")*2+(M12="Sí")*2+(N(H12)>=50)*1) | O12: =IF(N12="","",IF(N12>=6,"ALTA",IF(N12>=3,"MEDIA","BAJA")))
N13: =IF(A13="","",(J13="Sí")*3+(K13="Sí")*2+(L13="Sí")*2+(M13="Sí")*2+(N(H13)>=50)*1) | O13: =IF(N13="","",IF(N13>=6,"ALTA",IF(N13>=3,"MEDIA","BAJA")))
N14: =IF(A14="","",(J14="Sí")*3+(K14="Sí")*2+(L14="Sí")*2+(M14="Sí")*2+(N(H14)>=50)*1) | O14: =IF(N14="","",IF(N14>=6,"ALTA",IF(N14>=3,"MEDIA","BAJA")))
... N151: =IF(A151="","",(J151="Sí")*3+(K151="Sí")*2+(L151="Sí")*2+(M151="Sí")*2+(N(H151)>=50)*1) | O151: =IF(N151="","",IF(N151>=6,"ALTA",IF(N151>=3,"MEDIA","BAJA")))

Sheet Embudo
A1: Tu embudo de ventas (se actualiza solo)
A3: Estado | B3: Nº negocios | C3: % sobre apuntados
A4: Apuntados (total) | B4: =COUNTA(Prospectos!$A$2:$A$151) -> 1 | C4: =IF($B$4=0,0,1) -> 1
A5: Pendiente | B5: =COUNTIF(Prospectos!$P$2:$P$151,"Pendiente") -> 0 | C5: =IF($B$4=0,0,B5/$B$4) -> 0
A6: Contactado | B6: =COUNTIF(Prospectos!$P$2:$P$151,"Contactado") -> 1 | C6: =IF($B$4=0,0,B6/$B$4) -> 1
A7: Interesado | B7: =COUNTIF(Prospectos!$P$2:$P$151,"Interesado") -> 0 | C7: =IF($B$4=0,0,B7/$B$4) -> 0
A8: Cliente | B8: =COUNTIF(Prospectos!$P$2:$P$151,"Cliente") -> 0 | C8: =IF($B$4=0,0,B8/$B$4) -> 0
A9: No interesado | B9: =COUNTIF(Prospectos!$P$2:$P$151,"No interesado") -> 0 | C9: =IF($B$4=0,0,B9/$B$4) -> 0
A11: Tasa de cierre (clientes / contactados+) | B11: =IF((B6+B7+B8+B9)=0,0,B8/(B6+B7+B8+B9)) -> 0
A12: Facturado total (€) | B12: =SUM(Prospectos!$S$2:$S$151) -> 0
A13: Prioridad ALTA pendientes de contactar | B13: =COUNTIFS(Prospectos!$O$2:$O$151,"ALTA",Prospectos!$P$2:$P$151,"Pendiente")+COUNTIFS(Prospectos!$O$2:$O$151,"ALTA",Prospectos!$P$2:$P$151,"") -> 0
A15: Nota: la fila EJEMPLO cuenta en estos números hasta que la borres.
